,compound,crystal structure type,target,IE(A),IE(B),Xp(A),Xp(B),IPF,x(A),x(B),coord_0,coord_1
0,Li,bcc,metal,5.391,5.391,0.98,0.98,2.4611,0.5,0.5,72.986,4.9222
1,Na,bcc,metal,5.138,5.138,0.93,0.93,2.0505,0.5,0.5,58.206,4.101
2,K,bcc,metal,4.34,4.34,0.82,0.82,2.1364,0.5,0.5,49.074,4.2728
3,Ba,bcc,metal,5.212,5.212,0.89,0.89,1.5203,0.5,0.5,46.403,3.0406
4,Ra,bcc,metal,5.279,5.279,0.97,0.97,1.5089,0.5,0.5,43.35,3.0178
5,Nb,bcc,metal,6.758,6.758,1.6,1.6,0.978,0.5,0.5,27.916,1.956
6,Ta,bcc,metal,7.887,7.887,1.5,1.5,0.8703,0.5,0.5,36.091,1.7406
7,Cr,bcc,metal,6.766,6.766,1.66,1.66,1.0667,0.5,0.5,29.417,2.1334
8,Mo,bcc,metal,7.092,7.092,2.16,2.16,1.0184,0.5,0.5,23.714,2.0368
9,W,bcc,metal,7.98,7.98,2.36,2.36,0.89,0.5,0.5,24.015,1.78
10,V,bcc,metal,6.746,6.746,1.63,1.63,0.9212,0.5,0.5,25.719,1.8424
11,Fe,bcc,metal,7.902,7.902,1.83,1.83,1.2165,0.5,0.5,41.508,2.433
12,Eu,bcc,metal,5.67,5.67,1.18,1.18,1.5144,0.5,0.5,41.26,3.0288
13,Tc,hcp,metal,7.275,7.275,1.9,1.9,1.0928,0.5,0.5,30.441,2.1856
14,Be,hcp,metal,9.322,9.322,1.57,1.57,2.1884,0.5,0.5,121.13,4.3768
15,Mg,hcp,metal,7.645,7.645,1.31,1.31,1.9792,0.5,0.5,88.303,3.9584
16,Sc,hcp,metal,6.561,6.561,1.36,1.36,1.2187,0.5,0.5,38.574,2.4374
17,Y,hcp,metal,6.218,6.218,1.22,1.22,1.1458,0.5,0.5,36.312,2.2916
18,Ti,hcp,metal,6.827,6.827,1.54,1.54,1.0211,0.5,0.5,30.903,2.0422
19,Zr,hcp,metal,6.634,6.634,1.33,1.33,1.0339,0.5,0.5,34.212,2.0678
20,Hf,hcp,metal,6.824,6.824,1.3,1.3,0.9938,0.5,0.5,35.599,1.9876
21,Re,hcp,metal,7.877,7.877,1.9,1.9,1.0068,0.5,0.5,32.878,2.0136
22,Ru,hcp,metal,7.361,7.361,2.22,2.22,1.1614,0.5,0.5,28.347,2.3228
23,Os,hcp,metal,8.706,8.706,2.2,2.2,1.0937,0.5,0.5,37.68,2.1874
24,Co,hcp,metal,7.88,7.88,1.88,1.88,1.3223,0.5,0.5,43.674,2.6446
25,Zn,hcp,metal,9.394,9.394,1.65,1.65,2.001,0.5,0.5,107.02,4.002
26,Cd,hcp,metal,8.994,8.994,1.69,1.69,1.7261,0.5,0.5,82.62,3.4522
27,Gd,hcp,metal,6.15,6.15,1.2,1.2,1.0488,0.5,0.5,33.057,2.0976
28,Tb,hcp,metal,5.864,5.864,1.21,1.21,1.0489,0.5,0.5,29.808,2.0978
29,Dy,hcp,metal,5.938,5.938,1.22,1.22,1.0645,0.5,0.5,30.766,2.129
30,Ho,hcp,metal,6.021,6.021,1.23,1.23,1.0503,0.5,0.5,30.956,2.1006
31,Er,hcp,metal,6.107,6.107,1.24,1.24,1.0859,0.5,0.5,32.661,2.1718
32,Tm,hcp,metal,6.184,6.184,1.25,1.25,1.0473,0.5,0.5,32.041,2.0946
33,Lu,hcp,metal,5.425,5.425,1.27,1.27,1.0766,0.5,0.5,24.949,2.1532
34,Ca,fcc,metal,6.112,6.112,1.0,1.0,1.907,0.5,0.5,71.239,3.814
35,Sr,fcc,metal,5.695,5.695,0.95,0.95,1.811,0.5,0.5,61.828,3.622
36,Rh,fcc,metal,7.459,7.459,2.28,2.28,1.1431,0.5,0.5,27.894,2.2862
37,Ir,fcc,metal,9.121,9.121,2.2,2.2,1.2059,0.5,0.5,45.601,2.4118
38,Ni,fcc,metal,7.639,7.639,1.91,1.91,1.3648,0.5,0.5,41.697,2.7296
39,Pd,fcc,metal,8.337,8.337,2.2,2.2,1.3067,0.5,0.5,41.283,2.6134
40,Pt,fcc,metal,9.017,9.017,2.28,2.28,1.4321,0.5,0.5,51.07,2.8642
41,Cu,fcc,metal,7.726,7.726,1.9,1.9,1.2259,0.5,0.5,38.513,2.4518
42,Ag,fcc,metal,7.576,7.576,1.93,1.93,1.3352,0.5,0.5,39.707,2.6704
43,Au,fcc,metal,9.225,9.225,2.54,2.54,1.6087,0.5,0.5,53.898,3.2174
44,Al,fcc,metal,5.985,5.985,1.61,1.61,2.2329,0.5,0.5,49.679,4.4658
45,Ce,fcc,metal,5.538,5.538,1.12,1.12,0.9665,0.5,0.5,26.466,1.933
46,Yb,fcc,metal,6.253,6.253,1.25,1.25,1.5049,0.5,0.5,47.073,3.0098
47,Ac,fcc,metal,5.172,5.172,1.1,1.1,0.8996,0.5,0.5,21.876,1.7992
48,Th,fcc,metal,6.083,6.083,1.3,1.3,0.8985,0.5,0.5,25.575,1.797
49,Pr,dhcp,metal,5.461,5.461,1.13,1.13,0.9854,0.5,0.5,26.006,1.9708
50,Nd,dhcp,metal,5.525,5.525,1.14,1.14,1.0025,0.5,0.5,26.844,2.005
51,La,dhcp,metal,5.577,5.577,1.1,1.1,0.921,0.5,0.5,26.042,1.842
52,Am,dhcp,metal,5.991,5.991,1.3,1.3,1.0803,0.5,0.5,29.826,2.1606
53,Cm,dhcp,metal,6.022,6.022,1.3,1.3,1.512,0.5,0.5,42.178,3.024
54,Pa,tetragonal,metal,5.887,5.887,1.5,1.5,0.7442,0.5,0.5,17.194,1.4884
55,Hg,rhombohedral,metal,10.43,10.43,2.0,2.0,2.3946,0.5,0.5,130.25,4.7892
56,Ga,orthorhombic,metal,5.998,5.998,1.81,1.81,2.5663,0.5,0.5,51.008,5.1326
57,Tl,hcp,metal,6.108,6.108,1.62,1.62,2.2404,0.5,0.5,51.595,4.4808
58,Sn,tetragonal,metal,7.344,7.344,1.96,1.96,2.4046,0.5,0.5,66.169,4.8092
59,Pb,fcc,metal,7.416,7.416,2.33,2.33,2.3259,0.5,0.5,54.9,4.6518
60,In,tetragonal,metal,5.786,5.786,1.78,1.78,2.172,0.5,0.5,40.85,4.344
61,Pu,monoclinic,metal,6.059,6.059,1.28,1.28,0.7313,0.5,0.5,20.974,1.4626
62,Np,orthorhombic,metal,6.265,6.265,1.36,1.36,0.6686,0.5,0.5,19.296,1.3372
63,U,orthorhombic,metal,6.193,6.193,1.38,1.38,0.6579,0.5,0.5,18.284,1.3158
64,Cr3Ge,Cr3Si,metal,6.766,7.897,1.66,2.01,1.2069,0.75,0.25,45.341,5.8455
65,Cr3Si,Cr3Si,metal,6.766,8.151,1.66,1.9,1.2088,0.75,0.25,48.38,5.5343
66,Nb3Ga,Cr3Si,metal,6.758,5.998,1.6,1.81,1.0967,0.75,0.25,24.659,4.9626
67,V3Ga,Cr3Si,metal,6.746,5.998,1.63,1.81,1.0622,0.75,0.25,23.444,4.718
68,Mo3Ga,Cr3Si,metal,7.092,5.998,2.16,1.81,1.1212,0.75,0.25,18.674,3.7581
69,Nb3Ge,Cr3Si,metal,6.758,7.897,1.6,2.01,1.0981,0.75,0.25,42.8,5.518
70,V3Ge,Cr3Si,metal,6.746,7.897,1.63,2.01,1.0485,0.75,0.25,40.115,5.1717
71,Mo3Si,Cr3Si,metal,7.092,8.151,2.16,1.9,1.1325,0.75,0.25,34.834,3.9847
72,Nb3Sb,Cr3Si,metal,6.758,8.643,1.6,2.05,1.0932,0.75,0.25,51.04,5.6026
73,Nb3Sn,Cr3Si,metal,6.758,7.344,1.6,1.96,1.1082,0.75,0.25,37.356,5.4302
74,V3Sn,Cr3Si,metal,6.746,7.344,1.63,1.96,1.0715,0.75,0.25,35.454,5.1537
75,LaBi,NaCl,metal,5.577,7.286,1.1,2.02,1.4232,0.5,0.5,68.683,5.227
76,HfC,NaCl,metal,6.824,11.26,1.3,2.55,1.0283,0.5,0.5,100.29,4.0341
77,ZrC,NaCl,metal,6.634,11.26,1.33,2.55,1.0673,0.5,0.5,101.74,4.0927
78,LaSb,NaCl,metal,5.577,8.643,1.1,2.05,1.4119,0.5,0.5,95.883,5.2625
79,YSb,NaCl,metal,6.218,8.643,1.22,2.05,1.4816,0.5,0.5,90.719,4.9791
80,ThC,NaCl,metal,6.083,11.26,1.3,2.55,0.9788,0.5,0.5,95.461,3.8399
81,YSe,NaCl,metal,6.218,9.752,1.22,2.55,1.2899,0.5,0.5,100.55,5.3922
82,CeAs,NaCl,metal,5.538,9.814,1.12,2.18,1.3184,0.5,0.5,113.38,5.1323
83,ErAs,NaCl,metal,6.107,9.814,1.24,2.18,1.3323,0.5,0.5,103.48,4.6845
84,GdAs,NaCl,metal,6.15,9.814,1.2,2.18,1.3047,0.5,0.5,104.72,4.7404
85,TbAs,NaCl,metal,5.864,9.814,1.21,2.18,1.3093,0.5,0.5,104.22,4.7178
86,YbAs,NaCl,metal,6.253,9.814,1.25,2.18,1.3397,0.5,0.5,103.23,4.6729
87,CeBi,NaCl,metal,5.538,7.286,1.12,2.02,1.4296,0.5,0.5,67.76,5.1568
88,DyBi,NaCl,metal,5.938,7.286,1.22,2.02,1.412,0.5,0.5,61.44,4.6758
89,ErBi,NaCl,metal,6.107,7.286,1.24,2.02,1.4248,0.5,0.5,60.997,4.6421
90,GdBi,NaCl,metal,6.15,7.286,1.2,2.02,1.3921,0.5,0.5,61.584,4.6867
91,PrBi,NaCl,metal,5.461,7.286,1.13,2.02,1.3926,0.5,0.5,65.422,4.9789
92,CrC,NaCl,metal,6.766,11.26,1.66,2.55,1.2502,0.5,0.5,95.488,3.841
93,FeC,NaCl,metal,7.902,11.26,1.83,2.55,2.0935,0.5,0.5,145.04,5.8343
94,ScC,NaCl,metal,6.561,11.26,1.36,2.55,1.023,0.5,0.5,95.37,3.8362
95,TaC,NaCl,metal,7.887,11.26,1.5,2.55,0.984,0.5,0.5,83.173,3.3456
96,VC,NaCl,metal,6.746,11.26,1.63,2.55,1.0733,0.5,0.5,83.485,3.3582
97,CeN,NaCl,metal,5.538,14.53,1.12,3.04,0.8554,0.5,0.5,161.24,4.6436
98,CeP,NaCl,metal,5.538,10.48,1.12,2.19,1.2824,0.5,0.5,125.76,5.0151
99,CeS,NaCl,metal,5.538,10.36,1.12,2.58,1.1872,0.5,0.5,113.77,5.4696
100,CeSb,NaCl,metal,5.538,8.643,1.12,2.05,1.4198,0.5,0.5,94.697,5.1975
101,CeSe,NaCl,metal,5.538,9.752,1.12,2.55,1.2504,0.5,0.5,106.17,5.6938
102,CeTe,NaCl,metal,5.538,9.009,1.12,2.1,1.3823,0.5,0.5,100.17,5.1836
103,DyS,NaCl,metal,5.938,10.36,1.22,2.58,1.1874,0.5,0.5,104.46,5.0221
104,DySb,NaCl,metal,5.938,8.643,1.22,2.05,1.4289,0.5,0.5,87.493,4.802
105,ErP,NaCl,metal,6.107,10.48,1.24,2.19,1.3141,0.5,0.5,116.39,4.6417
106,ErS,NaCl,metal,6.107,10.36,1.24,2.58,1.2082,0.5,0.5,104.58,5.0277
107,ErSb,NaCl,metal,6.107,8.643,1.24,2.05,1.4355,0.5,0.5,86.479,4.7464
108,ErSe,NaCl,metal,6.107,9.752,1.24,2.55,1.2736,0.5,0.5,97.678,5.2382
109,GdP,NaCl,metal,6.15,10.48,1.2,2.19,1.2812,0.5,0.5,117.26,4.6764
110,GdSb,NaCl,metal,6.15,8.643,1.2,2.05,1.3992,0.5,0.5,87.102,4.7806
111,GdSe,NaCl,metal,6.15,9.752,1.2,2.55,1.2423,0.5,0.5,98.454,5.2798
112,GdTe,NaCl,metal,6.15,9.009,1.2,2.1,1.3601,0.5,0.5,91.99,4.7604
113,PdH,NaCl,metal,8.337,13.59,2.2,2.2,1.4386,0.5,0.5,120.77,2.8772
114,RhH,NaCl,metal,7.459,13.59,2.28,2.2,1.3302,0.5,0.5,107.75,2.5671
115,HfN,NaCl,metal,6.824,14.53,1.3,3.04,0.9576,0.5,0.5,155.51,4.4786
116,HoP,NaCl,metal,6.021,10.48,1.23,2.19,1.2759,0.5,0.5,113.93,4.5434
117,HoS,NaCl,metal,6.021,10.36,1.23,2.58,1.1835,0.5,0.5,103.27,4.9649
118,HoSb,NaCl,metal,6.021,8.643,1.23,2.05,1.4081,0.5,0.5,85.518,4.6937
119,LaSe,NaCl,metal,5.577,9.752,1.1,2.55,1.2434,0.5,0.5,107.5,5.7649
120,LaTe,NaCl,metal,5.577,9.009,1.1,2.1,1.3838,0.5,0.5,102.1,5.2836
121,LuS,NaCl,metal,5.425,10.36,1.27,2.58,1.2008,0.5,0.5,101.48,4.8788
122,TcN,NaCl,metal,7.275,14.53,1.9,3.04,1.0646,0.5,0.5,118.29,3.4067
123,YbN,NaCl,metal,6.253,14.53,1.25,3.04,0.9498,0.5,0.5,160.42,4.6198
124,NdS,NaCl,metal,5.525,10.36,1.14,2.58,1.1913,0.5,0.5,112.16,5.3922
125,NdSb,NaCl,metal,5.525,8.643,1.14,2.05,1.3942,0.5,0.5,91.359,5.0142
126,NdSe,NaCl,metal,5.525,9.752,1.14,2.55,1.2446,0.5,0.5,103.83,5.5679
127,NdTe,NaCl,metal,5.525,9.009,1.14,2.1,1.353,0.5,0.5,96.327,4.9847
128,SmO,NaCl,metal,5.643,13.61,1.17,3.44,0.9368,0.5,0.5,148.31,5.5087
129,TbP,NaCl,metal,5.864,10.48,1.21,2.19,1.2895,0.5,0.5,117.05,4.6678
130,YbP,NaCl,metal,6.253,10.48,1.25,2.19,1.3113,0.5,0.5,115.22,4.5948
131,PbPo,NaCl,metal,7.416,8.416,2.33,2.0,2.9167,0.5,0.5,88.664,5.0072
132,PrS,NaCl,metal,5.461,10.36,1.13,2.58,1.1902,0.5,0.5,113.05,5.4349
133,PrSb,NaCl,metal,5.461,8.643,1.13,2.05,1.4025,0.5,0.5,92.716,5.0887
134,PrTe,NaCl,metal,5.461,9.009,1.13,2.1,1.3679,0.5,0.5,98.249,5.0842
135,ScS,NaCl,metal,6.561,10.36,1.36,2.58,1.376,0.5,0.5,108.59,5.2207
136,TbS,NaCl,metal,5.864,10.36,1.21,2.58,1.1841,0.5,0.5,105.03,5.0496
137,TmS,NaCl,metal,6.184,10.36,1.25,2.58,1.1841,0.5,0.5,101.67,4.888
138,YS,NaCl,metal,6.218,10.36,1.22,2.58,1.2346,0.5,0.5,108.61,5.2218
139,TbSb,NaCl,metal,5.864,8.643,1.21,2.05,1.4037,0.5,0.5,86.66,4.7563
140,TmSb,NaCl,metal,6.184,8.643,1.25,2.05,1.4124,0.5,0.5,84.407,4.6327
141,ThP,NaCl,metal,6.083,10.48,1.3,2.19,1.1878,0.5,0.5,100.35,4.002
142,ThS,NaCl,metal,6.083,10.36,1.3,2.58,1.1083,0.5,0.5,91.503,4.3991
143,ThSb,NaCl,metal,6.083,8.643,1.3,2.05,1.3172,0.5,0.5,75.69,4.1542
144,ThSe,NaCl,metal,6.083,9.752,1.3,2.55,1.1589,0.5,0.5,84.779,4.5465
145,ThAs,NaCl,metal,6.083,9.814,1.3,2.18,1.2228,0.5,0.5,90.595,4.1011
146,UC,NaCl,metal,6.193,11.26,1.38,2.55,0.9139,0.5,0.5,83.965,3.3775
147,UN,NaCl,metal,6.193,14.53,1.38,3.04,0.8837,0.5,0.5,135.19,3.8934
148,USe,NaCl,metal,6.193,9.752,1.38,2.55,1.2308,0.5,0.5,84.82,4.5486
149,UTe,NaCl,metal,6.193,9.009,1.38,2.1,1.3761,0.5,0.5,80.933,4.1881
150,NpAs,NaCl,metal,6.265,9.814,1.36,2.18,1.3884,0.5,0.5,98.326,4.451
151,NpC,NaCl,metal,6.265,11.26,1.36,2.55,1.0235,0.5,0.5,95.417,3.8381
152,NpN,NaCl,metal,6.265,14.53,1.36,3.04,0.9849,0.5,0.5,152.89,4.4031
153,NpP,NaCl,metal,6.265,10.48,1.36,2.19,1.3077,0.5,0.5,105.61,4.2116
154,NpSb,NaCl,metal,6.265,8.643,1.36,2.05,1.5281,0.5,0.5,83.935,4.6068
155,NpTe,NaCl,metal,6.265,9.009,1.36,2.1,1.5008,0.5,0.5,89.565,4.6348
156,PuBi,NaCl,metal,6.059,7.286,1.28,2.02,1.5624,0.5,0.5,64.798,4.9313
157,PuC,NaCl,metal,6.059,11.26,1.28,2.55,1.0525,0.5,0.5,104.25,4.1936
158,PuN,NaCl,metal,6.059,14.53,1.28,3.04,1.0218,0.5,0.5,168.53,4.8536
159,PuP,NaCl,metal,6.059,10.48,1.28,2.19,1.3141,0.5,0.5,112.76,4.4967
160,PuS,NaCl,metal,6.059,10.36,1.28,2.58,1.3199,0.5,0.5,110.68,5.3208
161,PuSb,NaCl,metal,6.059,8.643,1.28,2.05,1.5705,0.5,0.5,91.655,5.0305
162,La4As3,iTh3P,metal,5.577,9.814,1.1,2.18,1.1477,0.571,0.429,100.49,5.3019
163,La4Sb3,iTh3P,metal,5.577,8.643,1.1,2.05,1.2338,0.571,0.429,83.788,5.3598
164,Sm4As3,iTh3P,metal,5.643,9.814,1.17,2.18,1.1404,0.571,0.429,93.878,4.953
165,Ce4Bi3,iTh3P,metal,5.538,7.286,1.12,2.02,1.2369,0.571,0.429,58.627,5.2001
166,Eu4Bi3,iTh3P,metal,5.67,7.286,1.18,2.02,1.4637,0.571,0.429,65.849,5.8407
167,Gd4Bi3,iTh3P,metal,6.15,7.286,1.2,2.02,1.2386,0.571,0.429,54.793,4.8601
168,Nd4Bi3,iTh3P,metal,5.525,7.286,1.14,2.02,1.2316,0.571,0.429,57.351,5.087
169,Pr4Bi3,iTh3P,metal,5.461,7.286,1.13,2.02,1.2227,0.571,0.429,57.441,5.0949
170,Tb4Bi3,iTh3P,metal,5.864,7.286,1.21,2.02,1.2419,0.571,0.429,54.485,4.8328
171,Yb4Bi3,iTh3P,metal,6.253,7.286,1.25,2.02,1.4351,0.571,0.429,60.947,5.4059
172,Ce4Sb3,iTh3P,metal,5.538,8.643,1.12,2.05,1.2221,0.571,0.429,81.511,5.2142
173,Dy4Sb3,iTh3P,metal,5.938,8.643,1.22,2.05,1.2424,0.571,0.429,76.073,4.8663
174,Gd4Sb3,iTh3P,metal,6.15,8.643,1.2,2.05,1.2254,0.571,0.429,76.283,4.8797
175,Nd4Sb3,iTh3P,metal,5.525,8.643,1.14,2.05,1.215,0.571,0.429,79.616,5.0929
176,Pr4Sb3,iTh3P,metal,5.461,8.643,1.13,2.05,1.1788,0.571,0.429,77.927,4.9849
177,Sm4Sb3,iTh3P,metal,5.643,8.643,1.17,2.05,1.2276,0.571,0.429,78.379,5.0138
178,Tb4Sb3,iTh3P,metal,5.864,8.643,1.21,2.05,1.2351,0.571,0.429,76.251,4.8777
179,U3As4,Th3P4,metal,6.193,9.814,1.38,2.18,1.2608,0.429,0.571,87.995,3.4881
180,Th3Bi4,Th3P4,metal,6.083,7.286,1.3,2.02,1.3314,0.429,0.571,54.368,3.6231
181,Gd3Sb4,Th3P4,metal,6.15,8.643,1.2,2.05,1.4071,0.429,0.571,87.594,4.2098
182,La3Se4,Th3P4,metal,5.577,9.752,1.1,2.55,1.1167,0.429,0.571,96.545,4.5336
183,Nd3Se4,Th3P4,metal,5.525,9.752,1.14,2.55,1.3359,0.429,0.571,111.44,5.2333
184,U3P4,Th3P4,metal,6.193,10.48,1.38,2.19,1.2033,0.429,0.571,95.767,3.3443
185,IrO2,TiO2,metal,9.121,13.61,2.2,3.44,2.2547,0.333,0.667,189.84,5.2857
186,RuO2,TiO2,metal,7.361,13.61,2.22,3.44,2.1635,0.333,0.667,180.52,5.0262
187,PtAl2,CaF2,metal,9.017,5.985,2.28,1.61,2.0335,0.333,0.667,31.948,2.1528
188,AcH2,CaF2,metal,5.172,13.59,1.1,2.2,1.0882,0.333,0.667,182.71,3.263
189,AuGa2,CaF2,metal,9.225,5.998,2.54,1.81,2.1779,0.333,0.667,30.847,2.3268
190,AuIn2,CaF2,metal,9.225,5.786,2.54,1.78,1.9942,0.333,0.667,26.284,2.0952
191,CoSi2,CaF2,metal,7.88,8.151,1.88,1.9,1.9364,0.333,0.667,68.432,2.934
192,DyH2,CaF2,metal,5.938,13.59,1.22,2.2,1.1764,0.333,0.667,178.09,3.1805
193,ErH2,CaF2,metal,6.107,13.59,1.24,2.2,1.1782,0.333,0.667,175.48,3.134
194,GdH2,CaF2,metal,6.15,13.59,1.2,2.2,1.1715,0.333,0.667,180.3,3.22
195,TiH2,CaF2,metal,6.827,13.59,1.54,2.2,1.2785,0.333,0.667,153.33,2.7383
196,YH2,CaF2,metal,6.218,13.59,1.22,2.2,1.2165,0.333,0.667,184.16,3.2889
197,SmH2,CaF2,metal,5.643,13.59,1.17,2.2,1.1816,0.333,0.667,186.52,3.3311
198,ThH2,CaF2,metal,6.083,13.59,1.3,2.2,0.979,0.333,0.667,139.08,2.4839
199,HoH2,CaF2,metal,6.021,13.59,1.23,2.2,1.1522,0.333,0.667,173.01,3.0897
200,LuH2,CaF2,metal,5.425,13.59,1.27,2.2,1.1531,0.333,0.667,167.69,2.9947
201,NbH2,CaF2,metal,6.758,13.59,1.6,2.2,1.2692,0.333,0.667,146.5,2.6164
202,NpH2,CaF2,metal,6.265,13.59,1.36,2.2,1.3195,0.333,0.667,179.19,3.2001
203,PuH2,CaF2,metal,6.059,13.59,1.28,2.2,1.392,0.333,0.667,200.85,3.587
204,TbH2,CaF2,metal,5.864,13.59,1.21,2.2,1.1706,0.333,0.667,178.67,3.1909
205,TmH2,CaF2,metal,6.184,13.59,1.25,2.2,1.1376,0.333,0.667,168.08,3.0018
206,NiSi2,CaF2,metal,7.639,8.151,1.91,1.9,2.019,0.333,0.667,70.23,3.0111
207,PtSn2,CaF2,metal,9.017,7.344,2.28,1.96,2.0146,0.333,0.667,47.656,2.5965
208,PrTl,CsCl,metal,5.461,6.108,1.13,1.62,1.2359,0.5,0.5,40.804,3.5436
209,ThBi,CsCl,metal,6.083,7.286,1.3,2.02,1.1899,0.5,0.5,48.59,3.6978
210,CeTl,CsCl,metal,5.538,6.108,1.12,1.62,1.216,0.5,0.5,40.505,3.5177
211,DyIn,CsCl,metal,5.938,5.786,1.22,1.78,1.3084,0.5,0.5,35.904,3.818
212,DyTl,CsCl,metal,5.938,6.108,1.22,1.62,1.2363,0.5,0.5,37.806,3.2833
213,ErIn,CsCl,metal,6.107,5.786,1.24,1.78,1.3042,0.5,0.5,35.211,3.7443
214,ErTl,CsCl,metal,6.107,6.108,1.24,1.62,1.249,0.5,0.5,37.578,3.2635
215,EuTl,CsCl,metal,5.67,6.108,1.18,1.62,1.3817,0.5,0.5,43.685,3.7938
216,HoTl,CsCl,metal,6.021,6.108,1.23,1.62,1.2284,0.5,0.5,37.259,3.2358
217,YbIn,CsCl,metal,6.253,5.786,1.25,1.78,1.402,0.5,0.5,37.549,3.9929
218,LaTl,CsCl,metal,5.577,6.108,1.1,1.62,1.2214,0.5,0.5,41.425,3.5976
219,MgTl,CsCl,metal,7.645,6.108,1.31,1.62,1.9481,0.5,0.5,55.48,4.8182
220,NdTl,CsCl,metal,5.525,6.108,1.14,1.62,1.2178,0.5,0.5,39.854,3.4611
221,SmTl,CsCl,metal,5.643,6.108,1.17,1.62,1.2213,0.5,0.5,38.943,3.3821
222,TbTl,CsCl,metal,5.864,6.108,1.21,1.62,1.2261,0.5,0.5,37.804,3.2831
223,TmTl,CsCl,metal,6.184,6.108,1.25,1.62,1.1911,0.5,0.5,35.55,3.0873
224,FeAs,FeAs,metal,7.902,9.814,1.83,2.18,1.6468,0.5,0.5,86.673,3.9235
225,AuGa,FeAs,metal,9.225,5.998,2.54,1.81,1.9101,0.5,0.5,27.054,2.7223
226,CrP,FeAs,metal,6.766,10.48,1.66,2.19,1.5293,0.5,0.5,101.18,4.0351
227,FeP,FeAs,metal,7.902,10.48,1.83,2.19,1.5861,0.5,0.5,95.192,3.7962
228,MnP,FeAs,metal,7.434,10.48,1.55,2.19,1.5065,0.5,0.5,106.75,4.2571
229,NiSi,FeAs,metal,7.639,8.151,1.91,1.9,1.7724,0.5,0.5,61.652,3.5262
230,RuP,FeAs,metal,7.361,10.48,2.22,2.19,1.5633,0.5,0.5,77.341,3.0843
231,PdSn,FeAs,metal,8.337,7.344,2.2,1.96,1.6563,0.5,0.5,40.605,2.9512
232,PtSi,FeAs,metal,9.017,8.151,2.28,1.9,1.8227,0.5,0.5,53.113,3.0378
233,RhSi,FeAs,metal,7.459,8.151,2.28,1.9,1.5554,0.5,0.5,45.324,2.5923
234,VS,FeAs,metal,6.746,10.36,1.63,2.58,1.4168,0.5,0.5,93.291,4.4851
235,TiSe,FeAs,metal,6.827,9.752,1.54,2.55,1.4371,0.5,0.5,88.747,4.7592
236,MnAs,NiAs,metal,7.434,9.814,1.55,2.18,1.8656,0.5,0.5,115.93,5.2478
237,NiAs,NiAs,metal,7.639,9.814,1.91,2.18,1.9009,0.5,0.5,95.856,4.3392
238,AuSn,NiAs,metal,9.225,7.344,2.54,1.96,2.0501,0.5,0.5,43.532,3.1639
239,MnBi,NiAs,metal,7.434,7.286,1.55,2.02,1.9575,0.5,0.5,67.042,5.1021
240,PtBi,NiAs,metal,9.017,7.286,2.28,2.02,1.8312,0.5,0.5,42.636,3.2448
241,CoSb,NiAs,metal,7.88,8.643,1.88,2.05,1.7778,0.5,0.5,70.641,3.8771
242,CrSb,NiAs,metal,6.766,8.643,1.66,2.05,1.8719,0.5,0.5,84.237,4.6234
243,VP,NiAs,metal,6.746,10.48,1.63,2.19,1.3536,0.5,0.5,91.206,3.6373
244,PdSb,NiAs,metal,8.337,8.643,2.2,2.05,1.7883,0.5,0.5,60.722,3.3327
245,PdTe,NiAs,metal,8.337,9.009,2.2,2.1,1.8785,0.5,0.5,69.301,3.5862
246,PtSn,NiAs,metal,9.017,7.344,2.28,1.96,1.8188,0.5,0.5,43.024,3.1271
247,VSe,NiAs,metal,6.746,9.752,1.63,2.55,1.5617,0.5,0.5,91.117,4.8863
248,ReO3,ReO3,metal,7.877,13.61,1.9,3.44,2.9194,0.25,0.75,284.61,7.0475
249,ThH2,ThH2,metal,6.083,13.59,1.3,2.2,1.1474,0.333,0.667,163.01,2.9112
250,TiH2,ThH2,metal,6.827,13.59,1.54,2.2,1.238,0.333,0.667,148.47,2.6515
251,ZrH2,ThH2,metal,6.634,13.59,1.33,2.2,1.2093,0.333,0.667,167.93,2.999
252,AlAs,ZnS,nonmetal,5.985,9.814,1.61,2.18,3.1323,0.5,0.5,187.38,8.4825
253,AlP,ZnS,nonmetal,5.985,10.48,1.61,2.19,3.2544,0.5,0.5,222.01,8.8536
254,AlSb,ZnS,nonmetal,5.985,8.643,1.61,2.05,3.0394,0.5,0.5,141.02,7.7401
255,GaAs,ZnS,nonmetal,5.998,9.814,1.81,2.18,3.0747,0.5,0.5,163.61,7.4065
256,InAs,ZnS,nonmetal,5.786,9.814,1.78,2.18,2.9129,0.5,0.5,157.62,7.135
257,BP,ZnS,nonmetal,8.297,10.48,2.04,2.19,3.0684,0.5,0.5,165.2,6.588
258,BeS,ZnS,nonmetal,9.322,10.36,1.57,2.58,3.3607,0.5,0.5,229.75,11.045
259,BeSe,ZnS,nonmetal,9.322,9.752,1.57,2.55,3.1165,0.5,0.5,188.78,10.124
260,BeTe,ZnS,nonmetal,9.322,9.009,1.57,2.1,3.0271,0.5,0.5,156.49,8.098
261,CuBr,ZnS,nonmetal,7.726,11.81,1.9,2.96,2.7167,0.5,0.5,199.43,8.4647
262,CdPo,ZnS,nonmetal,8.994,8.416,1.69,2.0,3.0839,0.5,0.5,129.25,7.2992
263,CdTe,ZnS,nonmetal,8.994,9.009,1.69,2.1,2.8967,0.5,0.5,139.11,7.1989
264,CuF,ZnS,nonmetal,7.726,17.42,1.9,3.98,1.8501,0.5,0.5,295.49,7.7509
265,GaP,ZnS,nonmetal,5.998,10.48,1.81,2.19,3.1772,0.5,0.5,192.79,7.6885
266,GaSb,ZnS,nonmetal,5.998,8.643,1.81,2.05,3.0021,0.5,0.5,123.9,6.8003
267,HgSe,ZnS,nonmetal,10.43,9.752,2.0,2.55,3.3385,0.5,0.5,158.75,8.5132
268,HgTe,ZnS,nonmetal,10.43,9.009,2.0,2.1,3.2649,0.5,0.5,132.49,6.8563
269,MgTe,ZnS,nonmetal,7.645,9.009,1.31,2.1,3.0415,0.5,0.5,188.44,9.7514
270,ZnPo,ZnS,nonmetal,9.394,8.416,1.65,2.0,3.2869,0.5,0.5,141.1,7.9682
271,ZnS,ZnS,nonmetal,9.394,10.36,1.65,2.58,3.1606,0.5,0.5,205.59,9.8841
272,Al2O3,Al2O3,nonmetal,5.985,13.61,1.61,3.44,2.3038,0.4,0.6,265.05,8.204
273,Lu2S3,Al2O3,nonmetal,5.425,10.36,1.27,2.58,1.7066,0.4,0.6,144.23,5.7783
274,Rh2O3,Al2O3,nonmetal,7.459,13.61,2.28,3.44,1.9034,0.4,0.6,154.64,4.7863
275,Yb2S3,Al2O3,nonmetal,6.253,10.36,1.25,2.58,1.6881,0.4,0.6,144.95,5.8071
276,Ce2O3,La2O3,nonmetal,5.538,13.61,1.12,3.44,1.0627,0.4,0.6,175.76,5.44
277,La2O3,La2O3,nonmetal,5.577,13.61,1.1,3.44,1.0575,0.4,0.6,178.08,5.5118
278,Nd2O3,La2O3,nonmetal,5.525,13.61,1.14,3.44,1.0636,0.4,0.6,172.82,5.3491
279,AgBr,NaCl,nonmetal,7.576,11.81,1.93,2.96,2.5376,0.5,0.5,183.39,7.7837
280,AgCl,NaCl,nonmetal,7.576,12.96,1.93,3.16,2.4826,0.5,0.5,216.05,8.1296
281,AgF,NaCl,nonmetal,7.576,17.42,1.93,3.98,2.198,0.5,0.5,345.59,9.0653
282,BaO,NaCl,nonmetal,5.212,13.61,0.89,3.44,0.9924,0.5,0.5,206.54,7.6716
283,BaS,NaCl,nonmetal,5.212,10.36,0.89,2.58,1.4021,0.5,0.5,169.09,8.129
284,BaSe,NaCl,nonmetal,5.212,9.752,0.89,2.55,1.4708,0.5,0.5,157.16,8.4282
285,BaTe,NaCl,nonmetal,5.212,9.009,0.89,2.1,1.6332,0.5,0.5,148.94,7.7072
286,KBr,NaCl,nonmetal,4.34,11.81,0.82,2.96,1.7015,0.5,0.5,289.41,12.284
287,LiBr,NaCl,nonmetal,5.391,11.81,0.98,2.96,2.5818,0.5,0.5,367.45,15.596
288,NaBr,NaCl,nonmetal,5.138,11.81,0.93,2.96,1.9608,0.5,0.5,294.07,12.482
289,RbBr,NaCl,nonmetal,4.176,11.81,0.82,2.96,1.5406,0.5,0.5,262.04,11.122
290,CaS,NaCl,nonmetal,6.112,10.36,1.0,2.58,1.5858,0.5,0.5,170.2,8.1827
291,CaSe,NaCl,nonmetal,6.112,9.752,1.0,2.55,1.7177,0.5,0.5,163.36,8.7603
292,CaTe,NaCl,nonmetal,6.112,9.009,1.0,2.1,1.6766,0.5,0.5,136.08,7.0417
293,CdO,NaCl,nonmetal,8.994,13.61,1.69,3.44,1.8881,0.5,0.5,206.94,7.6865
294,CsF,NaCl,nonmetal,3.893,17.42,0.79,3.98,0.8771,0.5,0.5,336.91,8.8376
295,CsH,NaCl,nonmetal,3.893,13.59,0.79,2.2,1.0628,0.5,0.5,248.46,5.9194
296,LiF,NaCl,nonmetal,5.391,17.42,0.98,3.98,1.6988,0.5,0.5,526.03,13.798
297,NaF,NaCl,nonmetal,5.138,17.42,0.93,3.98,1.3524,0.5,0.5,441.28,11.575
298,RbF,NaCl,nonmetal,4.176,17.42,0.82,3.98,1.0365,0.5,0.5,383.58,10.062
299,KH,NaCl,nonmetal,4.34,13.59,0.82,2.2,1.3166,0.5,0.5,296.54,7.0647
300,LiH,NaCl,nonmetal,5.391,13.59,0.98,2.2,1.8835,0.5,0.5,354.96,8.4565
301,NaH,NaCl,nonmetal,5.138,13.59,0.93,2.2,1.527,0.5,0.5,303.25,7.2245
302,KI,NaCl,nonmetal,4.34,10.45,0.82,2.66,1.9005,0.5,0.5,253.1,12.33
303,LiI,NaCl,nonmetal,5.391,10.45,0.98,2.66,2.7771,0.5,0.5,309.46,15.076
304,NaI,NaCl,nonmetal,5.138,10.45,0.93,2.66,2.2224,0.5,0.5,260.96,12.713
305,RbI,NaCl,nonmetal,4.176,10.45,0.82,2.66,1.7686,0.5,0.5,235.53,11.474
306,MgO,NaCl,nonmetal,7.645,13.61,1.31,3.44,1.4368,0.5,0.5,203.16,7.5459
307,MgSe,NaCl,nonmetal,7.645,9.752,1.31,2.55,2.1463,0.5,0.5,155.81,8.3558
308,SrO,NaCl,nonmetal,5.695,13.61,0.95,3.44,1.0745,0.5,0.5,209.51,7.7816
309,SrSe,NaCl,nonmetal,5.695,9.752,0.95,2.55,1.5769,0.5,0.5,157.86,8.4655
310,SrTe,NaCl,nonmetal,5.695,9.009,0.95,2.1,1.7555,0.5,0.5,149.98,7.7612
311,KCl,NaCl,nonmetal,4.34,12.96,0.82,3.16,1.5711,0.5,0.5,321.81,12.109
312,CaO,NaCl,nonmetal,6.112,13.61,1.0,3.44,1.1573,0.5,0.5,214.37,7.9622
313,NaCl,NaCl,nonmetal,5.138,12.96,0.93,3.16,1.8799,0.5,0.5,339.52,12.775
314,KF,NaCl,nonmetal,4.34,17.42,0.82,3.98,1.0869,0.5,0.5,402.23,10.551
315,TlBr,NaCl,nonmetal,6.108,11.81,1.62,2.96,3.5597,0.5,0.5,306.48,13.008
316,CoO,NaCl,nonmetal,7.88,13.61,1.88,3.44,2.0196,0.5,0.5,198.99,7.3909
317,FeO,NaCl,nonmetal,7.902,13.61,1.83,3.44,1.8365,0.5,0.5,185.89,6.9044
318,GdN,NaCl,nonmetal,6.15,14.53,1.2,3.04,0.9402,0.5,0.5,165.41,4.7637
319,EuS,NaCl,nonmetal,5.67,10.36,1.18,2.58,1.4308,0.5,0.5,130.14,6.2567
320,EuSe,NaCl,nonmetal,5.67,9.752,1.18,2.55,1.4959,0.5,0.5,120.56,6.4653
321,MnO,NaCl,nonmetal,7.434,13.61,1.55,3.44,1.7571,0.5,0.5,209.98,7.7993
322,MnSe,NaCl,nonmetal,7.434,9.752,1.55,2.55,2.177,0.5,0.5,133.57,7.163
323,SiC,SiC,nonmetal,8.151,11.26,1.9,2.55,2.732,0.5,0.5,182.31,7.3333
324,Eu4As3,iTh3P,nonmetal,5.67,9.814,1.18,2.18,1.2931,0.571,0.429,105.55,5.5686
325,Eu3S4,Th3P4,nonmetal,5.67,10.36,1.18,2.58,1.3278,0.429,0.571,120.77,5.0843
326,CoF2,TiO2,nonmetal,7.88,17.42,1.88,3.98,3.5631,0.333,0.667,575.13,11.309
327,FeF2,TiO2,nonmetal,7.902,17.42,1.83,3.98,3.4804,0.333,0.667,577.13,11.348
328,MnF2,TiO2,nonmetal,7.434,17.42,1.55,3.98,3.0701,0.333,0.667,601.06,11.819
329,NiF2,TiO2,nonmetal,7.639,17.42,1.91,3.98,3.4912,0.333,0.667,554.67,10.907
330,VF2,TiO2,nonmetal,6.746,17.42,1.63,3.98,2.2564,0.333,0.667,420.07,8.2601
331,MgF2,TiO2,nonmetal,7.645,17.42,1.31,3.98,2.4486,0.333,0.667,567.21,11.153
332,GeO2,TiO2,nonmetal,7.897,13.61,2.01,3.44,2.8633,0.333,0.667,263.87,7.3469
333,SnO2,TiO2,nonmetal,7.344,13.61,1.96,3.44,2.6191,0.333,0.667,247.52,6.8917
334,TiO2,TiO2,nonmetal,6.827,13.61,1.54,3.44,1.5936,0.333,0.667,191.68,5.3369
335,AgI,ZnO,nonmetal,7.576,10.45,1.93,2.66,2.8516,0.5,0.5,161.35,7.8604
336,AlN,ZnO,nonmetal,5.985,14.53,1.61,3.04,2.3408,0.5,0.5,306.95,8.8398
337,BeO,ZnO,nonmetal,9.322,13.61,1.57,3.44,2.8158,0.5,0.5,332.21,12.339
338,CdSe,ZnO,nonmetal,8.994,9.752,1.69,2.55,2.845,0.5,0.5,160.1,8.5855
339,GaN,ZnO,nonmetal,5.998,14.53,1.81,3.04,2.4843,0.5,0.5,289.77,8.3451
340,InN,ZnO,nonmetal,5.786,14.53,1.78,3.04,2.2947,0.5,0.5,272.17,7.8381
341,ZnO,ZnO,nonmetal,9.394,13.61,1.65,3.44,2.7009,0.5,0.5,303.21,11.262
342,CdF2,CaF2,nonmetal,8.994,17.42,1.69,3.98,2.7845,0.333,0.667,499.98,9.8315
343,CeO2,CaF2,nonmetal,5.538,13.61,1.12,3.44,1.0431,0.333,0.667,172.51,4.8033
344,SrCl2,CaF2,nonmetal,5.695,12.96,0.95,3.16,2.1272,0.333,0.667,376.09,10.608
345,YbF2,CaF2,nonmetal,6.253,17.42,1.25,3.98,1.5161,0.333,0.667,368.06,7.2373
346,ThO2,CaF2,nonmetal,6.083,13.61,1.3,3.44,1.1226,0.333,0.667,159.96,4.4536
347,NpO2,CaF2,nonmetal,6.265,13.61,1.36,3.44,1.2882,0.333,0.667,175.45,4.8851
348,PrO2,CaF2,nonmetal,5.461,13.61,1.13,3.44,1.0471,0.333,0.667,171.64,4.7791
349,PuO2,CaF2,nonmetal,6.059,13.61,1.28,3.44,1.3188,0.333,0.667,190.85,5.3138
350,TbO2,CaF2,nonmetal,5.864,13.61,1.21,3.44,1.1091,0.333,0.667,169.79,4.7274
351,UO2,CaF2,nonmetal,6.193,13.61,1.38,3.44,1.2053,0.333,0.667,161.78,4.5045
352,AmO2,CaF2,nonmetal,5.991,13.61,1.3,3.44,1.4571,0.333,0.667,207.62,5.7807
353,CmO2,CaF2,nonmetal,6.022,13.61,1.3,3.44,1.7014,0.333,0.667,242.43,6.7499
354,EuF2,CaF2,nonmetal,5.67,17.42,1.18,3.98,1.4587,0.333,0.667,375.13,7.3763
355,PbF2,CaF2,nonmetal,7.416,17.42,2.33,3.98,3.5918,0.333,0.667,467.79,9.1984
356,CsBr,CsCl,nonmetal,3.893,11.81,0.79,2.96,1.158,0.5,0.5,204.45,8.6777
357,CsCl,CsCl,nonmetal,3.893,12.96,0.79,3.16,1.0711,0.5,0.5,227.73,8.5688
358,TlCl,CsCl,nonmetal,6.108,12.96,1.62,3.16,3.2943,0.5,0.5,341.55,12.852
359,Cu3N,iReO3,nonmetal,7.726,14.53,1.9,3.04,1.8149,0.75,0.25,201.66,11.615
